1,Harsh,Paswan,harsh.paswan@gmail.com
2,Luke,Liu,luke.liu@gmail.com
3,Sneha ,Shrinivas,sneha.shrinivas@gmail.com
4,Jennifer,Zhang,jen.zhang@gmail.com
5,Logan,Cheng,logan.cheng@gmail.com
6,Amogha,Pokkulandra,amogha.pok@gmail.com
